id,value
1,-0.36351314540882085
2,0.5055286174709595
3,0.4414004240163807
4,-0.3093869073776938
5,1.6511900631181322
