id,value
1,1.69244370970156
2,0.23853198141408247
3,0.6704533409953578
4,-2.43762018247144
5,0.10456454750997848
